{
  "rv_model": {
    "test": {
      "mae": 0.6435862250425572,
      "rmse": 0.8946530890505767
    },
    "control": {
      "mae": 0.7466163821564443,
      "rmse": 1.1111619198834022
    },
    "oos_all": {
      "mae": 0.6644237849082871,
      "rmse": 0.9424624050062873
    }
  },
  "volume_naive": {
    "test": {
      "mae": 0.6459161521596006,
      "rmse": 1.201090419529333
    },
    "control": {
      "mae": 0.9448678849085367,
      "rmse": 1.5627291957072422
    },
    "oos_all": {
      "mae": 0.7063783003560146,
      "rmse": 1.2824839732749411
    }
  },
  "volume_base": {
    "test": {
      "mae": 0.5856413741888099,
      "rmse": 1.0317706129516504,
      "oos_r2_vs_benchmark": 0.26207044886367437
    },
    "control": {
      "mae": 0.8260819039703988,
      "rmse": 1.3319505281433743,
      "oos_r2_vs_benchmark": 0.27354496713185306
    },
    "oos_all": {
      "mae": 0.6342697959423897,
      "rmse": 1.0991148236724981,
      "oos_r2_vs_benchmark": 0.2655161731097949
    }
  },
  "volume_full": {
    "test": {
      "mae": 0.5761253078299726,
      "rmse": 1.026779066146728,
      "oos_r2_vs_benchmark": 0.26919315610720296
    },
    "control": {
      "mae": 0.8292478737081491,
      "rmse": 1.3238041516625567,
      "oos_r2_vs_benchmark": 0.2824039728188591
    },
    "oos_all": {
      "mae": 0.6273186357603904,
      "rmse": 1.0933803709850947,
      "oos_r2_vs_benchmark": 0.27316027964045386
    }
  },
  "activity_regime": {
    "accuracy": {
      "test": 0.5704225352112676,
      "control": 0.6527777777777778,
      "oos_all": 0.5870786516853933
    },
    "lookback": 126,
    "min_periods": 60,
    "low_q": 0.25,
    "high_q": 0.75
  }
}