{
  "rv_model": {
    "test": {
      "mae": 0.6435862250425572,
      "rmse": 0.8946530890505767
    },
    "control": {
      "mae": 0.7444356407076964,
      "rmse": 1.1107451203751293
    },
    "oos_all": {
      "mae": 0.6639827360759561,
      "rmse": 0.9423630329110353
    }
  },
  "volume_naive": {
    "test": {
      "mae": 0.6459161521596006,
      "rmse": 1.201090419529333
    },
    "control": {
      "mae": 0.9472694481654452,
      "rmse": 1.5629127754482302
    },
    "oos_all": {
      "mae": 0.7068640097787601,
      "rmse": 1.2825292168462243
    }
  },
  "volume_base": {
    "test": {
      "mae": 0.5856413741888099,
      "rmse": 1.0317706129516504,
      "oos_r2_vs_benchmark": 0.26207044886367437
    },
    "control": {
      "mae": 0.8284834672273074,
      "rmse": 1.3322245503945576,
      "oos_r2_vs_benchmark": 0.27341674814348704
    },
    "oos_all": {
      "mae": 0.6347555053651353,
      "rmse": 1.0991819889416743,
      "oos_r2_vs_benchmark": 0.2654782298911309
    }
  },
  "volume_full": {
    "test": {
      "mae": 0.5761253078299726,
      "rmse": 1.026779066146728,
      "oos_r2_vs_benchmark": 0.26919315610720296
    },
    "control": {
      "mae": 0.8316494369650574,
      "rmse": 1.3240904281099926,
      "oos_r2_vs_benchmark": 0.28226221553756736
    },
    "oos_all": {
      "mae": 0.6278043451831359,
      "rmse": 1.0934504767313757,
      "oos_r2_vs_benchmark": 0.27311835600500034
    }
  },
  "activity_regime": {
    "accuracy": {
      "test": 0.5704225352112676,
      "control": 0.6388888888888888,
      "oos_all": 0.5842696629213483
    },
    "lookback": 126,
    "min_periods": 60,
    "low_q": 0.25,
    "high_q": 0.75
  }
}